title,views,date_time,thumbnail_link,video_link
BB Ki Vines- | Ghar Kalesh |,15M views,3 months ago,https://i.ytimg.com/vi/PJ3ZQk_lr9E/hqdefault.jpg,/watch?v=PJ3ZQk_lr9E
BB Ki Vines- | Love Ka Hakkar |,22M views,9 months ago,https://i.ytimg.com/vi/UrIaQbIK2E4/hqdefault.jpg,/watch?v=UrIaQbIK2E4
BB Ki Vines Productions | Haseen Raat | Taaza Khabar | Official Video |,13M views,1 year ago,https://i.ytimg.com/vi/Nwh6CQ50h0g/hqdefault.jpg,/watch?v=Nwh6CQ50h0g
BB Ki Vines | Angry Masterji Part 16,29M views,1 year ago,https://i.ytimg.com/vi/HbTON0nb4DU/hqdefault.jpg,/watch?v=HbTON0nb4DU
BB Ki Vines Productions- Taaza Khabar | Hotstar Specials | Official Trailer,20M views,1 year ago,https://i.ytimg.com/vi/zm6xa3ggt5A/hqdefault.jpg,/watch?v=zm6xa3ggt5A
BB Ki Vines (Vlog #8)- | BB in Dubai |,10M views,1 year ago,https://i.ytimg.com/vi/xNTW2KfErTM/hqdefault.jpg,/watch?v=xNTW2KfErTM
BB Ki Vines Productions - Taaza Khabar | Now Filming,10M views,1 year ago,https://i.ytimg.com/vi/cVPI4ppiDSA/hqdefault.jpg,/watch?v=cVPI4ppiDSA
BB Ki Vines- | Automatic Gaadi |,26M views,1 year ago,https://i.ytimg.com/vi/xna_PkWzPVE/hqdefault.jpg,/watch?v=xna_PkWzPVE
"BB Ki Vines- | Titu Talks- Episode 4 ft. SS Rajamouli, Ram Charan, NTR Jr. |",24M views,1 year ago,https://i.ytimg.com/vi/PgKxqbXO198/hqdefault.jpg,/watch?v=PgKxqbXO198
Dhindora | Saazish | Offical Lyrical Video | BB Ki Vines,13M views,2 years ago,https://i.ytimg.com/vi/WEExPj6CMss/hqdefault.jpg,/watch?v=WEExPj6CMss
Dhindora | Official Music Video | BB Ki Vines,61M views,2 years ago,https://i.ytimg.com/vi/l8zlKap1JEo/hqdefault.jpg,/watch?v=l8zlKap1JEo
Dhindora | EP 08: Samay Ka Pahiya | BB Ki Vines | Season Finale,36M views,2 years ago,https://i.ytimg.com/vi/TjyHk-4OHI4/hqdefault.jpg,/watch?v=TjyHk-4OHI4
Dhindora | EP 07: Toota Ek Taara | BB Ki Vines,39M views,2 years ago,https://i.ytimg.com/vi/HHQ68FnjAvY/hqdefault.jpg,/watch?v=HHQ68FnjAvY
Dhindora | EP 06: DTYDHTB | BB Ki Vines,40M views,2 years ago,https://i.ytimg.com/vi/A0wcdnzzyIE/hqdefault.jpg,/watch?v=A0wcdnzzyIE
Dhindora | EP 05: Erection In Progress | BB Ki Vines,43M views,2 years ago,https://i.ytimg.com/vi/JalYXTCm-pc/hqdefault.jpg,/watch?v=JalYXTCm-pc
Dhindora | EP 04: Saste Sherlock | BB Ki Vines,45M views,2 years ago,https://i.ytimg.com/vi/Q9bsSQgBanc/hqdefault.jpg,/watch?v=Q9bsSQgBanc
Dhindora | EP 03: Nano Thug Lenge | BB Ki Vines,47M views,2 years ago,https://i.ytimg.com/vi/-7WqO6gi8H0/hqdefault.jpg,/watch?v=-7WqO6gi8H0
Dhindora | EP 02: Baasi Roti | BB Ki Vines,52M views,2 years ago,https://i.ytimg.com/vi/7oKiAPIJ7nU/hqdefault.jpg,/watch?v=7oKiAPIJ7nU
Dhindora | EP 01: Lag Gayi | BB Ki Vines,73M views,2 years ago,https://i.ytimg.com/vi/Y_2y4y0kQig/hqdefault.jpg,/watch?v=Y_2y4y0kQig
Dhindora | Official Trailer | BB Ki Vines,38M views,2 years ago,https://i.ytimg.com/vi/IUsiTOUo3HE/hqdefault.jpg,/watch?v=IUsiTOUo3HE
Titu Mama Ka Gyaan | Holi Party | BB Ki Vines,39M views,2 years ago,https://i.ytimg.com/vi/OGMm7g0tdRA/hqdefault.jpg,/watch?v=OGMm7g0tdRA
BB Ki Vines- | Pitaji Got Talent |,28M views,3 years ago,https://i.ytimg.com/vi/_9sAX5R0qB4/hqdefault.jpg,/watch?v=_9sAX5R0qB4
BB Ki Vines- | Ask BB- Episode 7 |,15M views,3 years ago,https://i.ytimg.com/vi/qHbKQqJOcrU/hqdefault.jpg,/watch?v=qHbKQqJOcrU
BB Ki Vines- | Kyun Sameer Kyun? |,42M views,3 years ago,https://i.ytimg.com/vi/8n49WTTPaM0/hqdefault.jpg,/watch?v=8n49WTTPaM0
BB Ki Vines- | ManglooSutra |,34M views,3 years ago,https://i.ytimg.com/vi/BslKbJkOm98/hqdefault.jpg,/watch?v=BslKbJkOm98
Bandook Ya Lighter? | Latika | BB Ki Vines,41M views,3 years ago,https://i.ytimg.com/vi/xn77xK5WeRI/hqdefault.jpg,/watch?v=xn77xK5WeRI
Heer Ranjha - Bhuvan Bam | Official Music Video |,22M views,3 years ago,https://i.ytimg.com/vi/kSFJGEHDCrQ/hqdefault.jpg,/watch?v=kSFJGEHDCrQ
BB Ki Vines- | Sameer Vs Hola - The Ultimate Roast |,26M views,3 years ago,https://i.ytimg.com/vi/NrdZBDh2r9o/hqdefault.jpg,/watch?v=NrdZBDh2r9o
BB Ki Vines- | Titu Talks- Episode 3 ft. Lifelines Of Society |,17M views,3 years ago,https://i.ytimg.com/vi/mOLlhfxGhVk/hqdefault.jpg,/watch?v=mOLlhfxGhVk
BB Ki Vines- | Lockdown Queen |,24M views,3 years ago,https://i.ytimg.com/vi/s4aY3VAIViw/hqdefault.jpg,/watch?v=s4aY3VAIViw
Bubbly Sir Ki Lockdown Life! | Angry Masterji 15 | BB Ki Vines,61M views,3 years ago,https://i.ytimg.com/vi/xgXnDnf0cHY/hqdefault.jpg,/watch?v=xgXnDnf0cHY
BB Ki Vines- | Time To Be A Hero |,14M views,3 years ago,https://i.ytimg.com/vi/6xmcYOq1r7I/hqdefault.jpg,/watch?v=6xmcYOq1r7I
First Impression is the Last Impression | Business call | BB Ki Vines,30M views,3 years ago,https://i.ytimg.com/vi/QQF4Uz4CZMg/hqdefault.jpg,/watch?v=QQF4Uz4CZMg
BB Ki Vines (Vlog #7)- | BB in Davos |,7.7M views,3 years ago,https://i.ytimg.com/vi/vQ_5BsUIxQk/hqdefault.jpg,/watch?v=vQ_5BsUIxQk
Pyaar Ki Taakat | Valentine Shopping | BB Ki Vines,36M views,4 years ago,https://i.ytimg.com/vi/jqp0lqrfQwQ/hqdefault.jpg,/watch?v=jqp0lqrfQwQ
BB Ki Vines- | Doctor Sehgal- (Seedhe Ji) |,17M views,4 years ago,https://i.ytimg.com/vi/zio4wp5tFZ8/hqdefault.jpg,/watch?v=zio4wp5tFZ8
WhatsApp ki Taakat! | What the Bunk | BB Ki Vines,32M views,4 years ago,https://i.ytimg.com/vi/RXeLbs_ogDU/hqdefault.jpg,/watch?v=RXeLbs_ogDU
BB Ki Vines- | My Duty |,22M views,4 years ago,https://i.ytimg.com/vi/Hk3GMLrlCEo/hqdefault.jpg,/watch?v=Hk3GMLrlCEo
BB Ki Vines- | Ask BB- Episode 6 |,18M views,4 years ago,https://i.ytimg.com/vi/xBenpJNznJA/hqdefault.jpg,/watch?v=xBenpJNznJA
Ajnabee - Bhuvan Bam | Official Music Video |,15M views,4 years ago,https://i.ytimg.com/vi/_Dx9Qjod0s0/hqdefault.jpg,/watch?v=_Dx9Qjod0s0
Ye Babloo Ji ka Raj Hai! | Nahi Jaana Please | BB Ki Vines,36M views,4 years ago,https://i.ytimg.com/vi/baZ1cVxiNtg/hqdefault.jpg,/watch?v=baZ1cVxiNtg
BB ka chota bhai?! | Khush-Khabri | BB Ki Vines,37M views,4 years ago,https://i.ytimg.com/vi/EJe3xxkzj5Y/hqdefault.jpg,/watch?v=EJe3xxkzj5Y
Body ka strongest hissa kya hai? | Angry Masterji 14 | BB Ki Vines,42M views,4 years ago,https://i.ytimg.com/vi/_ey_1I1aJ5w/hqdefault.jpg,/watch?v=_ey_1I1aJ5w
BB Ki Vines- | Paani Ki Samasya |,32M views,4 years ago,https://i.ytimg.com/vi/S6tVYpKZ2fo/hqdefault.jpg,/watch?v=S6tVYpKZ2fo
Bablooji's ex? | Chakhne Pe Charcha |BB Ki Vines,43M views,4 years ago,https://i.ytimg.com/vi/szvRvkQRyGg/hqdefault.jpg,/watch?v=szvRvkQRyGg
BB Ki Vines- | Detective Mangloo |,31M views,4 years ago,https://i.ytimg.com/vi/b0Go-EZEc4M/hqdefault.jpg,/watch?v=b0Go-EZEc4M
Family Cruise Trip | Light Gayi Hai! | BB Ki Vines,40M views,4 years ago,https://i.ytimg.com/vi/r6k3NdKoMX8/hqdefault.jpg,/watch?v=r6k3NdKoMX8
BB Ki Vines- | Unprotected Fax |,31M views,4 years ago,https://i.ytimg.com/vi/nvmOhpuIhfI/hqdefault.jpg,/watch?v=nvmOhpuIhfI
BB Ki Vines- | The Brighter Side |,21M views,4 years ago,https://i.ytimg.com/vi/RcOOMlJHRH0/hqdefault.jpg,/watch?v=RcOOMlJHRH0
Bubbly sir's last day | Angry Masterji 13 | BB Ki Vines,54M views,4 years ago,https://i.ytimg.com/vi/Wg-ZgiQvlTY/hqdefault.jpg,/watch?v=Wg-ZgiQvlTY
BB Ki Vines (Vlog #6)- | BB in USA |,13M views,4 years ago,https://i.ytimg.com/vi/Tv1Z4jvcgws/hqdefault.jpg,/watch?v=Tv1Z4jvcgws
Dosti Karke Dhoka Mila! | Holi Ke Laddoo | BB Ki Vines,36M views,4 years ago,https://i.ytimg.com/vi/v9mxKGJ7Nv0/hqdefault.jpg,/watch?v=v9mxKGJ7Nv0
BB Ki Vines- Bhuvan Bam- Bas Mein | Official Music Video |,23M views,4 years ago,https://i.ytimg.com/vi/oBfRJplcSuk/hqdefault.jpg,/watch?v=oBfRJplcSuk
Naughty Ghaziabad | Titu Talks Ep 02 ft. Johnny Sins  @SinsTV  | BB Ki Vines,56M views,4 years ago,https://i.ytimg.com/vi/dLhKPgAotSQ/hqdefault.jpg,/watch?v=dLhKPgAotSQ
800 ka kaccha kaun pehenta hai?! | Faaltu Kharcha | BB Ki Vines,40M views,5 years ago,https://i.ytimg.com/vi/g0CWxEuN2VI/hqdefault.jpg,/watch?v=g0CWxEuN2VI
Bhuvan Ka Birthday! | Itni Thand English Jhand | BB Ki Vines,57M views,5 years ago,https://i.ytimg.com/vi/OIr31AZtVSk/hqdefault.jpg,/watch?v=OIr31AZtVSk
BB Ki Vines- | The Salesman- Part 2 |,31M views,5 years ago,https://i.ytimg.com/vi/kk99KdrraJI/hqdefault.jpg,/watch?v=kk99KdrraJI
Wife Ko Impress Karne Ke 3 Shabd! | Titu Talks Ep 01 ft. Shah Rukh Khan | BB Ki Vines,51M views,5 years ago,https://i.ytimg.com/vi/zsjK04TqQq0/hqdefault.jpg,/watch?v=zsjK04TqQq0
I made a Johnny Sin  | Ghar Ke Kaagaz | BB Ki Vines,37M views,5 years ago,https://i.ytimg.com/vi/lXQgSJsqLyw/hqdefault.jpg,/watch?v=lXQgSJsqLyw
Bhuvan Bam- | Girl Child Education- A YouTube Impact Lab Initiative |,3.9M views,5 years ago,https://i.ytimg.com/vi/MGeC6aZkz74/hqdefault.jpg,/watch?v=MGeC6aZkz74
Bablooji gone DEAF?! | Diwali pe Diwala | BB Ki Vines,43M views,5 years ago,https://i.ytimg.com/vi/9sgzsesyCew/hqdefault.jpg,/watch?v=9sgzsesyCew
Plus Minus | Divya Dutta & Bhuvan Bam | Short Film,31M views,5 years ago,https://i.ytimg.com/vi/jKyXUJceZ6k/hqdefault.jpg,/watch?v=jKyXUJceZ6k
How to impress your date | Dating Hutiyapa | BB Ki Vines,38M views,5 years ago,https://i.ytimg.com/vi/n3zHrXTVrH0/hqdefault.jpg,/watch?v=n3zHrXTVrH0
Bubbly sir is hopeless dad?! | Angry Masterji- Part 12 | BB Ki Vines,40M views,5 years ago,https://i.ytimg.com/vi/fMK6n3JqfMw/hqdefault.jpg,/watch?v=fMK6n3JqfMw
Bhuvan Bam- Rahguzar | Official Music Video |,10M views,5 years ago,https://i.ytimg.com/vi/rhhWr8R88IY/hqdefault.jpg,/watch?v=rhhWr8R88IY
BB Ki Vines- | Ask BB- Episode 5 |,20M views,5 years ago,https://i.ytimg.com/vi/5DLsUabKDIU/hqdefault.jpg,/watch?v=5DLsUabKDIU
Kitni Gehri Hai Inki Dosti? | Goa Chalte Hain | BB Ki Vines,45M views,5 years ago,https://i.ytimg.com/vi/X79M2qxsrig/hqdefault.jpg,/watch?v=X79M2qxsrig
Babloo Ji Romantic Mood Mein?! | Saalgira Party | BB Ki Vines,56M views,5 years ago,https://i.ytimg.com/vi/e9sEYgOUeQA/hqdefault.jpg,/watch?v=e9sEYgOUeQA
Humara Rishta Khatam?! | Maakichu Mere Bete | BB Ki Vines,40M views,5 years ago,https://i.ytimg.com/vi/whLwUXVZ2CY/hqdefault.jpg,/watch?v=whLwUXVZ2CY
Bhuvan Bam- Safar | Official Music Video |,21M views,5 years ago,https://i.ytimg.com/vi/Zqv5CBWt9yA/hqdefault.jpg,/watch?v=Zqv5CBWt9yA
BB Ki Vines- | Alvida Dost |,32M views,5 years ago,https://i.ytimg.com/vi/g2orJgNOpnU/hqdefault.jpg,/watch?v=g2orJgNOpnU
Sir please fail mat kijiye! | Angry Masterji 11 | BB Ki Vines,51M views,5 years ago,https://i.ytimg.com/vi/cPhQom-gLq0/hqdefault.jpg,/watch?v=cPhQom-gLq0
BB and Bancho join Sameer's business | Career Tension | BB Ki Vines,47M views,5 years ago,https://i.ytimg.com/vi/fNTmrLZHcg8/hqdefault.jpg,/watch?v=fNTmrLZHcg8
BB Ki Vines- | The Sacrifice |,18M views,5 years ago,https://i.ytimg.com/vi/T9WN2_ikz6Q/hqdefault.jpg,/watch?v=T9WN2_ikz6Q
Bablooji's Secret! | Likhe Jo Khat Tujhe | BB Ki Vines,41M views,5 years ago,https://i.ytimg.com/vi/t-My3vpDBvA/hqdefault.jpg,/watch?v=t-My3vpDBvA
BB Ki Vines (Vlog #5)- | BB in Canada |,18M views,5 years ago,https://i.ytimg.com/vi/FRbG0XrTNPY/hqdefault.jpg,/watch?v=FRbG0XrTNPY
BB Ki Vines- | Maun Vrat |,37M views,5 years ago,https://i.ytimg.com/vi/FPm7xM849-E/hqdefault.jpg,/watch?v=FPm7xM849-E
Kya hai Mr Hola ka plan? | Faisla | BB Ki Vines,57M views,6 years ago,https://i.ytimg.com/vi/PoJ73OXEEy0/hqdefault.jpg,/watch?v=PoJ73OXEEy0
BB Ki Vines- | Ask BB- Episode 4 |,20M views,6 years ago,https://i.ytimg.com/vi/mt-pg8FBBDw/hqdefault.jpg,/watch?v=mt-pg8FBBDw
Bhuvan Bam- Sang Hoon Tere | Official Music Video |,19M views,6 years ago,https://i.ytimg.com/vi/2RPuAW7E-YQ/hqdefault.jpg,/watch?v=2RPuAW7E-YQ
Babloo Ji ke gale mei HICKEY?! | Laut Aaye Jijaji | BB Ki Vines,44M views,6 years ago,https://i.ytimg.com/vi/gLVZNTtr_rI/hqdefault.jpg,/watch?v=gLVZNTtr_rI
BB Ki Vines- | Jijaji Ko Dhoondo |,36M views,6 years ago,https://i.ytimg.com/vi/64K0ZNYZBs0/hqdefault.jpg,/watch?v=64K0ZNYZBs0
BB Ki Vines- | Adrak Baba |,28M views,6 years ago,https://i.ytimg.com/vi/zaNkvgcDHqE/hqdefault.jpg,/watch?v=zaNkvgcDHqE
Mere bhai ko maara! | Yaar Anmulle | BB Ki Vines,40M views,6 years ago,https://i.ytimg.com/vi/OL3yCJEm4OM/hqdefault.jpg,/watch?v=OL3yCJEm4OM
BB Ki Vines- | Breast Cancer Awareness Campaign |,4.1M views,6 years ago,https://i.ytimg.com/vi/wgMiKKcc8pE/hqdefault.jpg,/watch?v=wgMiKKcc8pE
School hai ki Masterchef India?!| Angry Masterji 10 | BB Ki Vines,67M views,6 years ago,https://i.ytimg.com/vi/dFKhWe2bBkM/hqdefault.jpg,/watch?v=dFKhWe2bBkM
Leave a F for Bancho | Dastaan-e-Breakup | BB Ki Vines,42M views,6 years ago,https://i.ytimg.com/vi/FXmeHO-OVFk/hqdefault.jpg,/watch?v=FXmeHO-OVFk
BB Ki Vines- | Ask BB- Episode 3 |,7.6M views,6 years ago,https://i.ytimg.com/vi/r5hECQ8KBRw/hqdefault.jpg,/watch?v=r5hECQ8KBRw
Pehle Dharti Fategi Ya Aasmaan? | The Apocalypse | BB Ki Vines,34M views,6 years ago,https://i.ytimg.com/vi/Wv-ZSnT3rjE/hqdefault.jpg,/watch?v=Wv-ZSnT3rjE
"Jaisa Baap Waisa Beta | Pati, Patni aur Woh | BB Ki Vines",33M views,6 years ago,https://i.ytimg.com/vi/gDf86AXzAgA/hqdefault.jpg,/watch?v=gDf86AXzAgA
Hola ji ka Thailand ka ticket? | The Culprit | BB Ki Vines,52M views,6 years ago,https://i.ytimg.com/vi/vJVqUwc9J7g/hqdefault.jpg,/watch?v=vJVqUwc9J7g
99 Rupay mei 200 calls | Ghaplebaaz ko Pakdo | BB Ki Vines,58M views,6 years ago,https://i.ytimg.com/vi/jzbMxWvnlGw/hqdefault.jpg,/watch?v=jzbMxWvnlGw
Chai Mein Kya Dubayenge? Ijjat?! | Titu Mama | BB Ki Vines,76M views,6 years ago,https://i.ytimg.com/vi/h25S27rh4oY/hqdefault.jpg,/watch?v=h25S27rh4oY
BB Ki Vines- | Un-Fair |,21M views,6 years ago,https://i.ytimg.com/vi/_7-LUPHLCnU/hqdefault.jpg,/watch?v=_7-LUPHLCnU
Arrey kaun Bhuvan? | Memory Loss | BB Ki Vines,39M views,6 years ago,https://i.ytimg.com/vi/4E99h4rdJJ4/hqdefault.jpg,/watch?v=4E99h4rdJJ4
BB Ki Vines (Vlog #4)- | BB at Fanfest 2017 |,7M views,6 years ago,https://i.ytimg.com/vi/q4WEUoz2wHc/hqdefault.jpg,/watch?v=q4WEUoz2wHc
Lets try ANIL | Group Study | BB Ki Vines,68M views,6 years ago,https://i.ytimg.com/vi/F1qFB4n9K6Q/hqdefault.jpg,/watch?v=F1qFB4n9K6Q
Single Hi Theek Tha Yaar | Hutiya Ishq | BB Ki Vines,38M views,7 years ago,https://i.ytimg.com/vi/WO0_U8pKRtw/hqdefault.jpg,/watch?v=WO0_U8pKRtw
Apne Baap se aise sawal karega? | Sach Ka Saamna | BB Ki Vines,46M views,7 years ago,https://i.ytimg.com/vi/nco48PDPOqc/hqdefault.jpg,/watch?v=nco48PDPOqc
BB Ki Vines (Vlog #3)- | Meeting Nawazuddin Siddiqui |,7.1M views,7 years ago,https://i.ytimg.com/vi/WFlL2NWLZj8/hqdefault.jpg,/watch?v=WFlL2NWLZj8
BB Ki Vines- | Badass Santa- Part 2 |,22M views,7 years ago,https://i.ytimg.com/vi/u8DC6yBhHUA/hqdefault.jpg,/watch?v=u8DC6yBhHUA
Sonam Gupta meri biwi hai | Angry Masterji - Part 9 | BB Ki Vines,43M views,7 years ago,https://i.ytimg.com/vi/53FPC7tqbNI/hqdefault.jpg,/watch?v=53FPC7tqbNI
BB Ki Vines (Vlog #2)- | BB in Seoul |,14M views,7 years ago,https://i.ytimg.com/vi/akWm1VVff1A/hqdefault.jpg,/watch?v=akWm1VVff1A
Bancho ki Shaadi! | Ek Teer Do Nishaane | BB Ki Vines,38M views,7 years ago,https://i.ytimg.com/vi/JukZGqYx0gs/hqdefault.jpg,/watch?v=JukZGqYx0gs
BB Ki Vines- | Kaanta Ben |,25M views,7 years ago,https://i.ytimg.com/vi/w86_VwPi52I/hqdefault.jpg,/watch?v=w86_VwPi52I
BB's Superpower | Mann ki Baat | BB Ki Vines,45M views,7 years ago,https://i.ytimg.com/vi/EntLchF82-4/hqdefault.jpg,/watch?v=EntLchF82-4
BB Ki Vines (Vlog #1)- | BB in HK |,6.3M views,7 years ago,https://i.ytimg.com/vi/Z_kZnIq8Tzk/hqdefault.jpg,/watch?v=Z_kZnIq8Tzk
BB Ki Vines- | Ask BB- Episode 2 |,7.4M views,7 years ago,https://i.ytimg.com/vi/PtmHSxPzr5Q/hqdefault.jpg,/watch?v=PtmHSxPzr5Q
Sandwich Mein Se Kancha Nikla! | Angry Masterji Part 8 | BB Ki Vines,36M views,7 years ago,https://i.ytimg.com/vi/Xra3V-LLY6g/hqdefault.jpg,/watch?v=Xra3V-LLY6g
Papa Maakichu sells toys?! | The Vibrator | BB Ki Vines,26M views,7 years ago,https://i.ytimg.com/vi/xv6-WYVqmNM/hqdefault.jpg,/watch?v=xv6-WYVqmNM
Bhuvan Bam- Teri Meri Kahaani | Official Music Video |,20M views,7 years ago,https://i.ytimg.com/vi/EBTKggc_7MI/hqdefault.jpg,/watch?v=EBTKggc_7MI
Agar har ashleel film dekhne pe ek ped lagta... | Online Dating - Mr Hola Returns| BB Ki Vines,39M views,7 years ago,https://i.ytimg.com/vi/AEDdwdwg5cU/hqdefault.jpg,/watch?v=AEDdwdwg5cU
BB Ki Vines- | Mr. Hola Returns Trailer |,5.6M views,7 years ago,https://i.ytimg.com/vi/fcPI0Y_cuWo/hqdefault.jpg,/watch?v=fcPI0Y_cuWo
BB Ki Vines- | Sorry Dad |,15M views,7 years ago,https://i.ytimg.com/vi/5FvSia64Y_g/hqdefault.jpg,/watch?v=5FvSia64Y_g
BB Ki Vines- | Online Dating |,30M views,7 years ago,https://i.ytimg.com/vi/-fEIzQ5JD84/hqdefault.jpg,/watch?v=-fEIzQ5JD84
Bubbly sir chal basse! | Angry Masterji - Part 7 | BB Ki Vines,39M views,7 years ago,https://i.ytimg.com/vi/WWoiQ-1pZMo/hqdefault.jpg,/watch?v=WWoiQ-1pZMo
BB Ki Vines- | AMP7 Trailer |,4M views,7 years ago,https://i.ytimg.com/vi/hbcWUfF7U1Y/hqdefault.jpg,/watch?v=hbcWUfF7U1Y
Baap ho toh aisa | Papa Maakichu | BB Ki Vines,39M views,7 years ago,https://i.ytimg.com/vi/1JEibvlMAWk/hqdefault.jpg,/watch?v=1JEibvlMAWk
Dosti Mein Yeh Mat Bolo | Mr. Hola Returns | BB Ki Vines,36M views,7 years ago,https://i.ytimg.com/vi/X7v3jNmNMZ4/hqdefault.jpg,/watch?v=X7v3jNmNMZ4
Syllabus Kaise Complete Hoga? | Examination Hutiyapa | BB Ki Vines,33M views,7 years ago,https://i.ytimg.com/vi/zsgdzuooLUw/hqdefault.jpg,/watch?v=zsgdzuooLUw
BB Ki Vines- | News Reporter- Leo Ka Askar |,8.6M views,7 years ago,https://i.ytimg.com/vi/43pniwk_r7M/hqdefault.jpg,/watch?v=43pniwk_r7M
Mr Foodie | Angry Masterji Part 6 | BB Ki Vines,29M views,8 years ago,https://i.ytimg.com/vi/nc26Kiq0B0g/hqdefault.jpg,/watch?v=nc26Kiq0B0g
BB Ki Vines- | Valentine's Week Hutiyapa |,40M views,8 years ago,https://i.ytimg.com/vi/bXJU7mZUud4/hqdefault.jpg,/watch?v=bXJU7mZUud4
BB Ki Vines- | Birthday Present |,17M views,8 years ago,https://i.ytimg.com/vi/LlhgR0Y58ZI/hqdefault.jpg,/watch?v=LlhgR0Y58ZI
BB Ki Vines- | Happy Naukar |,25M views,8 years ago,https://i.ytimg.com/vi/w0w7PrZS40w/hqdefault.jpg,/watch?v=w0w7PrZS40w
BB Ki Vines- | Ask BB: Episode 1 |,4.3M views,8 years ago,https://i.ytimg.com/vi/d7l56gMT7Tg/hqdefault.jpg,/watch?v=d7l56gMT7Tg
Galti se Send Ho Gaya! | WhatsApp Message | BB Ki Vines,29M views,8 years ago,https://i.ytimg.com/vi/1UdCP-nZC1Q/hqdefault.jpg,/watch?v=1UdCP-nZC1Q
BB Ki Vines- | Badass Santa |,21M views,8 years ago,https://i.ytimg.com/vi/SNlGhXV5LXw/hqdefault.jpg,/watch?v=SNlGhXV5LXw
BB Ki Vines- | Hit and Run |,17M views,8 years ago,https://i.ytimg.com/vi/_aNkMde7X8E/hqdefault.jpg,/watch?v=_aNkMde7X8E
BB Ki Vines- | Saccha Pyaar |,23M views,8 years ago,https://i.ytimg.com/vi/Efr9FzOWEGE/hqdefault.jpg,/watch?v=Efr9FzOWEGE
Tameez se baat karo! | Angry Masterji Part 5 | BB Ki Vines,26M views,8 years ago,https://i.ytimg.com/vi/Edt36Y2HELY/hqdefault.jpg,/watch?v=Edt36Y2HELY
BB Ki Vines- | Pray For Humanity |,1.2M views,8 years ago,https://i.ytimg.com/vi/TqL3M02awOw/hqdefault.jpg,/watch?v=TqL3M02awOw
Pappi lenge?  | Mrs. Verma | BB Ki Vines,26M views,8 years ago,https://i.ytimg.com/vi/FalDYC00icc/hqdefault.jpg,/watch?v=FalDYC00icc
BB Ki Vines- |Aur Bata- A Public Service Message|,13M views,8 years ago,https://i.ytimg.com/vi/4Ihwd8_NT_Y/hqdefault.jpg,/watch?v=4Ihwd8_NT_Y
BB Ki Vines- | Dr.  Sehgal- Part 3 |,11M views,8 years ago,https://i.ytimg.com/vi/AKfskIGrpfk/hqdefault.jpg,/watch?v=AKfskIGrpfk
BB Ki Vines- | The Salesman |,23M views,8 years ago,https://i.ytimg.com/vi/FQtpL5aHdxg/hqdefault.jpg,/watch?v=FQtpL5aHdxg
BB Ki Vines- | Bancho Ka Break-up |,26M views,8 years ago,https://i.ytimg.com/vi/I0lkvADG-6w/hqdefault.jpg,/watch?v=I0lkvADG-6w
BB Ki Vines- | New Car |,24M views,8 years ago,https://i.ytimg.com/vi/5m6RqeDOESo/hqdefault.jpg,/watch?v=5m6RqeDOESo
Bade Dino Baad Aya Hu | Mr. Hola Vs. Fameer Fuddi | BB Ki Vines,33M views,8 years ago,https://i.ytimg.com/vi/S0esc-aspBk/hqdefault.jpg,/watch?v=S0esc-aspBk
BB Ki Vines- | Fameer Fuddi |,29M views,8 years ago,https://i.ytimg.com/vi/j1WL3Ysi9jo/hqdefault.jpg,/watch?v=j1WL3Ysi9jo
BB Ki Vines- | Relative Ki Shaadi |,14M views,8 years ago,https://i.ytimg.com/vi/HhlAxjoJA3I/hqdefault.jpg,/watch?v=HhlAxjoJA3I
BB Ki Vines- | Lassan maama |,19M views,8 years ago,https://i.ytimg.com/vi/YcrHPFX5RgM/hqdefault.jpg,/watch?v=YcrHPFX5RgM
BB Ki Vines- | Bancho meets Mr. Hola |,18M views,8 years ago,https://i.ytimg.com/vi/Yr8nwNd56pY/hqdefault.jpg,/watch?v=Yr8nwNd56pY
Dusra chedh kardunga| Angry Masterji  Part 4 | BB Ki Vines,32M views,8 years ago,https://i.ytimg.com/vi/0iI2HGCIPwc/hqdefault.jpg,/watch?v=0iI2HGCIPwc
BB Ki Vines- | Hypnotism |,10M views,8 years ago,https://i.ytimg.com/vi/3sO_4iselvQ/hqdefault.jpg,/watch?v=3sO_4iselvQ
Comedy Hunt- #6 Tech Talk (iPhone6 vs. Nokia 3310),9.2M views,8 years ago,https://i.ytimg.com/vi/FX3VHDQrvNw/hqdefault.jpg,/watch?v=FX3VHDQrvNw
BB Ki Vines- | Second Childhood |,11M views,8 years ago,https://i.ytimg.com/vi/kPHBDx_p70o/hqdefault.jpg,/watch?v=kPHBDx_p70o
Sabziwale ko koi kasme khilata hai? | Har Ghar Ki Story (Quickr) | BB Ki Vines,10M views,8 years ago,https://i.ytimg.com/vi/wGPm50F0qSc/hqdefault.jpg,/watch?v=wGPm50F0qSc
BB Ki Vines- | Raaz Khul Gaya |,23M views,8 years ago,https://i.ytimg.com/vi/szLfoo62Gss/hqdefault.jpg,/watch?v=szLfoo62Gss
BB Ki Vines- | Lottery Ticket |,13M views,8 years ago,https://i.ytimg.com/vi/jBpTp1WXYD4/hqdefault.jpg,/watch?v=jBpTp1WXYD4
Comedy Hunt- #4 Naya Naya Pyaar,10M views,8 years ago,https://i.ytimg.com/vi/IukQX56oBEs/hqdefault.jpg,/watch?v=IukQX56oBEs
She is a SLUT ?,8M views,8 years ago,https://i.ytimg.com/vi/UpBdCik5bEU/hqdefault.jpg,/watch?v=UpBdCik5bEU
Comedy Hunt- #3 Frustrated Husband,8.7M views,8 years ago,https://i.ytimg.com/vi/d9-XWHCUpzo/hqdefault.jpg,/watch?v=d9-XWHCUpzo
Comedy Hunt- #2 Krantiveer Spoof,12M views,8 years ago,https://i.ytimg.com/vi/R9C79cokwME/hqdefault.jpg,/watch?v=R9C79cokwME
Comedy Hunt- #1 Over-Excited News Reporter,4M views,8 years ago,https://i.ytimg.com/vi/IN5QHLOTrW8/hqdefault.jpg,/watch?v=IN5QHLOTrW8
BB Ki Vines- | Independence Day Special |,3.8M views,8 years ago,https://i.ytimg.com/vi/ACmGNcKPhko/hqdefault.jpg,/watch?v=ACmGNcKPhko
Comedy Hunt Unboxing - #Super40,2.1M views,8 years ago,https://i.ytimg.com/vi/vlh2p7sNQ5w/hqdefault.jpg,/watch?v=vlh2p7sNQ5w
Comedy Hunt- Angry masterji Part 2,2.7M views,8 years ago,https://i.ytimg.com/vi/_beJmXpQPlM/hqdefault.jpg,/watch?v=_beJmXpQPlM
BB Ki Vines- | Pit gaye Pitaji |,10M views,8 years ago,https://i.ytimg.com/vi/RJDJbdQHgHU/hqdefault.jpg,/watch?v=RJDJbdQHgHU
BB Ki Vines- | Apple Juice |,14M views,8 years ago,https://i.ytimg.com/vi/9SbmAGOW_5Q/hqdefault.jpg,/watch?v=9SbmAGOW_5Q
BB Ki Vines- | Shampoo |,9.1M views,8 years ago,https://i.ytimg.com/vi/ZPbtxyc-gko/hqdefault.jpg,/watch?v=ZPbtxyc-gko
BB school chhod raha hai?! | Angry Masterji - Part 3 | BB Ki Vines,20M views,8 years ago,https://i.ytimg.com/vi/dWy7TfwhyUU/hqdefault.jpg,/watch?v=dWy7TfwhyUU
BB Ki Vines- | New Folder |,13M views,8 years ago,https://i.ytimg.com/vi/60Uzgs1ZxY0/hqdefault.jpg,/watch?v=60Uzgs1ZxY0
BB Ki Vines- | Love Letter |,13M views,8 years ago,https://i.ytimg.com/vi/4dJkMDX2LMk/hqdefault.jpg,/watch?v=4dJkMDX2LMk
Ziddi Murge ki Kahani | Angry Masterji Part 2 | BB Ki Vines,19M views,8 years ago,https://i.ytimg.com/vi/pwVdOND5QxM/hqdefault.jpg,/watch?v=pwVdOND5QxM
BB Ki Vines- | English ka keeda |,16M views,8 years ago,https://i.ytimg.com/vi/yVhPXsJ0Q0w/hqdefault.jpg,/watch?v=yVhPXsJ0Q0w
BB Ki Vines- | Doctor Sehgal- (Gupt Rog) |,9.4M views,8 years ago,https://i.ytimg.com/vi/ZumYf33E_lY/hqdefault.jpg,/watch?v=ZumYf33E_lY
BB Ki Vines- | Wrong Number |,11M views,8 years ago,https://i.ytimg.com/vi/ESsS1b7TEx8/hqdefault.jpg,/watch?v=ESsS1b7TEx8
BB Ki Vines- | Aashiqui 3 |,13M views,8 years ago,https://i.ytimg.com/vi/FuQOPQL7DnI/hqdefault.jpg,/watch?v=FuQOPQL7DnI
BB Ki Vines- | Such a Pussy |,4.7M views,8 years ago,https://i.ytimg.com/vi/8skubpQLrwo/hqdefault.jpg,/watch?v=8skubpQLrwo
Comedy Hunt- I am feeling HORNY,5.2M views,8 years ago,https://i.ytimg.com/vi/lhSL8ienuW8/hqdefault.jpg,/watch?v=lhSL8ienuW8
Bhuvan din bhar ghar par karta kya hai? | Angry Masterji | BB Ki Vines,19M views,8 years ago,https://i.ytimg.com/vi/-lXH1-FCcCY/hqdefault.jpg,/watch?v=-lXH1-FCcCY
Babloo Ji Raat ko Kahan The? | Hawas Ka Pujaari | BB Ki Vines,16M views,8 years ago,https://i.ytimg.com/vi/yEp0JJyDG9o/hqdefault.jpg,/watch?v=yEp0JJyDG9o
BB Ki Vines- | Media Nowadays |,6.5M views,8 years ago,https://i.ytimg.com/vi/k-SFaA5WGnE/hqdefault.jpg,/watch?v=k-SFaA5WGnE
Shirt se Beer ki Badbu | Pineapple Juice | BB Ki Vines,12M views,8 years ago,https://i.ytimg.com/vi/FxzLge0E0yM/hqdefault.jpg,/watch?v=FxzLge0E0yM
Saral bhasha main bolo! | Comedy Hunt - Doctor Sehgal | BB Ki Vines,9M views,8 years ago,https://i.ytimg.com/vi/Vof5t92yx8I/hqdefault.jpg,/watch?v=Vof5t92yx8I
BB Ki Vines- | Paarak Chalo |,13M views,8 years ago,https://i.ytimg.com/vi/SXuxB-i5Wrc/hqdefault.jpg,/watch?v=SXuxB-i5Wrc
BB Ki Vines- | Dost Dost naa raha |,8.4M views,8 years ago,https://i.ytimg.com/vi/UVhk4pAT3ic/hqdefault.jpg,/watch?v=UVhk4pAT3ic
BB Ki Vines- | Kanjoos dost |,8.9M views,8 years ago,https://i.ytimg.com/vi/i-MkGblvbdQ/hqdefault.jpg,/watch?v=i-MkGblvbdQ
Kisme Hai Itni Himmat? | Fights (Then & Now) | BB Ki Vines,9.9M views,8 years ago,https://i.ytimg.com/vi/z_n-8lzuh1A/hqdefault.jpg,/watch?v=z_n-8lzuh1A
BB Ki Vines- | Cheesy Relationships |,5.2M views,8 years ago,https://i.ytimg.com/vi/vrjlZhYVf30/hqdefault.jpg,/watch?v=vrjlZhYVf30
BB Ki Vines- | Taking Permission From Parents |,6.2M views,8 years ago,https://i.ytimg.com/vi/viCH81Q_i6A/hqdefault.jpg,/watch?v=viCH81Q_i6A
Raaste Mei Hu! | Jhoota Dost Late Lateef | BB Ki Vines,4.9M views,8 years ago,https://i.ytimg.com/vi/ydSWOCDxnKM/hqdefault.jpg,/watch?v=ydSWOCDxnKM
BB Ki Vines- | Abusing in front of parents |,6.6M views,8 years ago,https://i.ytimg.com/vi/R0F3YgtpuUM/hqdefault.jpg,/watch?v=R0F3YgtpuUM
Kutiya Khafa Saand Bewafa | Gaur Se Dekhiye | BB Ki Vines,6.6M views,8 years ago,https://i.ytimg.com/vi/szAK0m20fVw/hqdefault.jpg,/watch?v=szAK0m20fVw
Bittu Ki Lottery Lagi Hai | Chori Mein Twist | BB Ki Vines,9.2M views,8 years ago,https://i.ytimg.com/vi/i-Kr0aZBJC8/hqdefault.jpg,/watch?v=i-Kr0aZBJC8
BB Ki Vines- | Bhai-Zoned..Attyachaar |,9.9M views,8 years ago,https://i.ytimg.com/vi/Ofyvd03j6xI/hqdefault.jpg,/watch?v=Ofyvd03j6xI
